{
  "config": {
    "session": {
      "maxAge": 60000,
      "key": "WEBLINKON_SESS",
      "httpOnly": false,
      "encrypt": true,
      "overwrite": true,
      "signed": true,
      "autoCommit": true,
      "encode": "<Function encode>",
      "decode": "<Function decode>",
      "genid": "<Function v4>"
    },
    "security": {
      "domainWhiteList": [
        "http://192.168.0.103:3000",
        "http://chain.weblinkon.com:7003",
        "http://192.168.0.79:7003"
      ],
      "protocolWhiteList": [],
      "defaultMiddleware": "csrf,hsts,methodnoallow,noopen,nosniff,csp,xssProtection,xframe,dta",
      "csrf": {
        "enable": false,
        "type": "ctoken",
        "ignoreJSON": false,
        "useSession": false,
        "cookieName": "csrfToken",
        "sessionName": "csrfToken",
        "headerName": "x-csrf-token",
        "bodyName": "_csrf",
        "queryName": "_csrf",
        "refererWhiteList": []
      },
      "xframe": {
        "enable": true,
        "value": "SAMEORIGIN",
        "matching": "<Function anonymous>"
      },
      "hsts": {
        "enable": false,
        "maxAge": 31536000,
        "includeSubdomains": false
      },
      "dta": {
        "enable": true,
        "matching": "<Function anonymous>"
      },
      "methodnoallow": {
        "enable": true,
        "matching": "<Function anonymous>"
      },
      "noopen": {
        "enable": true,
        "matching": "<Function anonymous>"
      },
      "nosniff": {
        "enable": true,
        "matching": "<Function anonymous>"
      },
      "referrerPolicy": {
        "enable": false,
        "value": "no-referrer-when-downgrade"
      },
      "xssProtection": {
        "enable": true,
        "value": "1; mode=block",
        "matching": "<Function anonymous>"
      },
      "csp": {
        "enable": false,
        "policy": {}
      },
      "ssrf": {
        "ipBlackList": null,
        "checkAddress": null
      },
      "_protocolWhiteListSet": "<Set>"
    },
    "helper": {
      "shtml": {}
    },
    "jsonp": {
      "limit": 50,
      "callback": [
        "_callback",
        "callback"
      ],
      "csrf": false
    },
    "onerror": {
      "errorPageUrl": "",
      "appErrorFilter": null,
      "templatePath": "E:\\1牟江湖test项目\\midway\\serve\\node_modules\\egg-onerror\\lib\\onerror_page.mustache"
    },
    "i18n": {
      "defaultLocale": "en_US",
      "dirs": [
        "E:\\1牟江湖test项目\\midway\\serve\\node_modules\\egg-session\\config\\locales",
        "E:\\1牟江湖test项目\\midway\\serve\\node_modules\\egg-security\\config\\locales",
        "E:\\1牟江湖test项目\\midway\\serve\\node_modules\\egg-jsonp\\config\\locales",
        "E:\\1牟江湖test项目\\midway\\serve\\node_modules\\egg-onerror\\config\\locales",
        "E:\\1牟江湖test项目\\midway\\serve\\node_modules\\egg-i18n\\config\\locales",
        "E:\\1牟江湖test项目\\midway\\serve\\node_modules\\egg-watcher\\config\\locales",
        "E:\\1牟江湖test项目\\midway\\serve\\node_modules\\egg-schedule\\config\\locales",
        "E:\\1牟江湖test项目\\midway\\serve\\node_modules\\egg-multipart\\config\\locales",
        "E:\\1牟江湖test项目\\midway\\serve\\node_modules\\egg-logrotator\\config\\locales",
        "E:\\1牟江湖test项目\\midway\\serve\\node_modules\\egg-static\\config\\locales",
        "E:\\1牟江湖test项目\\midway\\serve\\node_modules\\egg-view\\config\\locales",
        "E:\\1牟江湖test项目\\midway\\serve\\node_modules\\midway-schedule\\config\\locales",
        "E:\\1牟江湖test项目\\midway\\serve\\node_modules\\_egg-sequelize@5.2.2@egg-sequelize\\config\\locales",
        "E:\\1牟江湖test项目\\midway\\serve\\node_modules\\_egg-view-nunjucks@2.2.0@egg-view-nunjucks\\config\\locales",
        "E:\\1牟江湖test项目\\midway\\serve\\node_modules\\_egg-cors@2.2.3@egg-cors\\config\\locales",
        "E:\\1牟江湖test项目\\midway\\serve\\node_modules\\midway-mock\\config\\locales",
        "E:\\1牟江湖test项目\\midway\\serve\\node_modules\\egg-mock\\config\\locales",
        "E:\\1牟江湖test项目\\midway\\serve\\node_modules\\egg\\config\\locales",
        "E:\\1牟江湖test项目\\midway\\serve\\node_modules\\midway-web\\config\\locales",
        "E:\\1牟江湖test项目\\midway\\serve\\node_modules\\egg-mock\\lib\\tmp\\config\\locales",
        "E:\\1牟江湖test项目\\midway\\serve\\src\\config\\locales"
      ],
      "queryField": "locale",
      "cookieField": "locale",
      "cookieDomain": "",
      "cookieMaxAge": "1y",
      "functionName": "__"
    },
    "watcher": {
      "type": "development",
      "eventSources": {
        "default": "E:\\1牟江湖test项目\\midway\\serve\\node_modules\\egg-watcher\\lib\\event-sources\\default",
        "development": "E:\\1牟江湖test项目\\midway\\serve\\node_modules\\egg-watcher\\lib\\event-sources\\development"
      }
    },
    "customLogger": {
      "scheduleLogger": {
        "consoleLevel": "NONE",
        "file": "egg-schedule.log"
      }
    },
    "schedule": {
      "directory": []
    },
    "multipart": {
      "mode": "stream",
      "autoFields": false,
      "defaultCharset": "utf8",
      "fieldNameSize": 100,
      "fieldSize": 102400,
      "fields": 10,
      "fileSize": 209715200,
      "files": 10,
      "fileExtensions": [
        ".pdf",
        ".doc",
        ".docx",
        ".xlsx",
        ".xls",
        ".txt",
        ""
      ],
      "whitelist": null,
      "tmpdir": "C:\\Users\\ADMINI\\x7e1\\AppData\\Local\\Temp\\egg-multipart-tmp\\serve",
      "cleanSchedule": {
        "cron": "0 30 4 * * *"
      }
    },
    "logrotator": {
      "filesRotateByHour": null,
      "hourDelimiter": "-",
      "filesRotateBySize": null,
      "maxFileSize": 52428800,
      "maxFiles": 10,
      "rotateDuration": 60000,
      "maxDays": 31
    },
    "static": {
      "prefix": "/",
      "dir": "E:\\1牟江湖test项目\\midway\\serve\\src\\app\\public",
      "dynamic": true,
      "preload": false,
      "buffer": false,
      "maxFiles": 1000
    },
    "view": {
      "root": [
        "E:\\1牟江湖test项目\\midway\\serve\\src\\app\\view"
      ],
      "cache": true,
      "defaultExtension": ".html",
      "defaultViewEngine": "nunjucks",
      "mapping": {
        ".html": "nunjucks"
      }
    },
    "sequelize": {
      "dialect": "mysql",
      "database": "work",
      "host": "192.168.0.79",
      "port": 3306,
      "username": "root",
      "password": "<String len: 7>",
      "timezone": "+08:00",
      "logging": false,
      "define": {
        "timestamps": true,
        "createdAt": "createdAt",
        "updatedAt": "updatedAt"
      }
    },
    "nunjucks": {
      "autoescape": true,
      "throwOnUndefined": false,
      "trimBlocks": false,
      "lstripBlocks": false,
      "cache": true
    },
    "cors": {
      "allowMethods": "GET,HEAD,PUT,POST,DELETE,PATCH,OPTIONS",
      "credentials": true,
      "origin": "<Function corsOrigin>"
    },
    "env": "unittest",
    "name": "serve",
    "keys": "<String len: 14>",
    "cookies": {},
    "proxy": false,
    "maxIpsCount": 0,
    "maxProxyCount": 0,
    "protocolHeaders": "x-forwarded-proto",
    "ipHeaders": "x-forwarded-for",
    "hostHeaders": "",
    "pkg": {
      "name": "serve",
      "version": "1.0.0",
      "description": "工作台Api后台",
      "private": true,
      "dependencies": {
        "await-stream-ready": "^1.0.1",
        "dayjs": "^1.8.30",
        "egg-cors": "^2.2.3",
        "egg-scripts": "^2.10.0",
        "egg-sequelize": "^5.2.2",
        "egg-view-nunjucks": "^2.2.0",
        "jsonwebtoken": "^8.5.1",
        "md5-nodejs": "^1.0.3",
        "midway": "^1.0.0",
        "mysql2": "^2.1.0",
        "nodemailer": "^6.4.10",
        "stream-wormhole": "^1.1.0",
        "svg-captcha": "^1.4.0",
        "uuidv4": "^6.2.0"
      },
      "devDependencies": {
        "@types/mocha": "^5.2.7",
        "@types/node": "^10.5.5",
        "cross-env": "^6.0.0",
        "egg-ci": "^1.8.0",
        "midway-bin": "1",
        "midway-mock": "1",
        "tslib": "^1.8.1",
        "tslint-midway-contrib": "1",
        "ts-node": "^8.3.0",
        "tslint": "^5.11.0",
        "typescript": "^3.5.0"
      },
      "engines": {
        "node": ">=10.16.0"
      },
      "scripts": {
        "start": "egg-scripts start --daemon --title=midway-server-serve --framework=midway --ts",
        "stop": "egg-scripts stop --title=midway-server-serve",
        "start_build": "npm run build && cross-env NODE_ENV=development midway-bin dev",
        "clean": "midway-bin clean",
        "dev": "cross-env NODE_ENV=local midway-bin dev --ts",
        "debug": "cross-env NODE_ENV=local midway-bin debug --ts",
        "test": "npm run lint && midway-bin test --ts",
        "cov": "midway-bin cov --ts",
        "lint": "tslint --fix -p tsconfig.json -t stylish",
        "ci": "npm run cov",
        "build": "midway-bin build -c",
        "autod": "midway-bin autod"
      },
      "ci": {
        "version": "10"
      },
      "midway-bin-clean": [
        ".vscode/.tsbuildinfo",
        "dist"
      ],
      "repository": {
        "type": "git",
        "url": ""
      },
      "midway-bin-build": {
        "include": [
          "app/public",
          "app/view",
          "app/pem"
        ]
      },
      "author": "Mjhu",
      "license": "MIT"
    },
    "baseDir": "E:\\1牟江湖test项目\\midway\\serve\\src",
    "HOME": "C:\\Users\\administator",
    "rundir": "E:\\1牟江湖test项目\\midway\\serve\\run",
    "dump": {
      "ignore": "<Set>"
    },
    "confusedConfigurations": {
      "bodyparser": "bodyParser",
      "notFound": "notfound",
      "sitefile": "siteFile",
      "middlewares": "middleware",
      "httpClient": "httpclient"
    },
    "notfound": {
      "pageUrl": ""
    },
    "siteFile": {
      "/favicon.ico": "<Buffer len: 7961>"
    },
    "bodyParser": {
      "enable": true,
      "encoding": "utf8",
      "formLimit": "1mb",
      "jsonLimit": "1mb",
      "textLimit": "1mb",
      "strict": true,
      "queryString": {
        "arrayLimit": 100,
        "depth": 5,
        "parameterLimit": 1000
      },
      "returnRawBody": true
    },
    "logger": {
      "dir": "E:\\1牟江湖test项目\\midway\\serve\\logs\\serve",
      "encoding": "utf8",
      "env": "unittest",
      "level": "INFO",
      "consoleLevel": "WARN",
      "disableConsoleAfterReady": false,
      "outputJSON": false,
      "buffer": false,
      "appLogName": "midway-web.log",
      "coreLogName": "midway-core.log",
      "agentLogName": "midway-agent.log",
      "errorLogName": "common-error.log",
      "coreLogger": {},
      "allowDebugAtProd": false,
      "type": "application"
    },
    "httpclient": {
      "enableDNSCache": false,
      "dnsCacheLookupInterval": 10000,
      "dnsCacheMaxLength": 1000,
      "request": {
        "timeout": 5000
      },
      "httpAgent": {
        "keepAlive": true,
        "freeSocketTimeout": 4000,
        "maxSockets": 9007199254740991,
        "maxFreeSockets": 256
      },
      "httpsAgent": {
        "keepAlive": true,
        "freeSocketTimeout": 4000,
        "maxSockets": 9007199254740991,
        "maxFreeSockets": 256
      }
    },
    "meta": {
      "enable": true,
      "logging": false
    },
    "coreMiddleware": [
      "cors",
      "meta",
      "siteFile",
      "notfound",
      "static",
      "bodyParser",
      "overrideMethod",
      "session",
      "clusterAppMock",
      "securities",
      "i18n"
    ],
    "workerStartTimeout": 600000,
    "serverTimeout": null,
    "cluster": {
      "listen": {
        "path": "",
        "port": 7003,
        "hostname": "0.0.0.0"
      }
    },
    "clusterClient": {
      "maxWaitTime": 60000,
      "responseTimeout": 60000
    },
    "onClientError": null,
    "pluginOverwrite": false,
    "container": {
      "ignore": [
        "**/logs/**",
        "**/run/**",
        "**/public/**",
        "**/view/**",
        "**/views/**",
        "**/config/**",
        "**/app/extend/**"
      ],
      "baseDir": "E:\\1牟江湖test项目\\midway\\serve\\src"
    },
    "alinode": {
      "logdir": "/tmp",
      "error_log": [
        "E:\\1牟江湖test项目\\midway\\serve\\logs\\serve\\common-error.log",
        "E:\\1牟江湖test项目\\midway\\serve\\logs\\stderr.log"
      ],
      "packages": [
        "E:\\1牟江湖test项目\\midway\\serve\\package.json"
      ]
    },
    "middleware": [
      "jwt"
    ],
    "coreMiddlewares": "~config~coreMiddleware",
    "appMiddlewares": "~config~middleware",
    "appMiddleware": "~config~middleware",
    "multipartParseOptions": {
      "autoFields": false,
      "defCharset": "utf8",
      "limits": {
        "fieldNameSize": 100,
        "fieldSize": 102400,
        "fields": 10,
        "fileSize": 209715200,
        "files": 10
      },
      "checkFile": "<Function checkFile>"
    }
  },
  "plugins": {
    "session": {
      "enable": true,
      "package": "egg-session",
      "name": "session",
      "dependencies": [],
      "optionalDependencies": [],
      "env": [],
      "from": "E:\\1牟江湖test项目\\midway\\serve\\node_modules\\egg\\config\\plugin.js",
      "path": "E:\\1牟江湖test项目\\midway\\serve\\node_modules\\egg-session",
      "version": "3.2.0"
    },
    "security": {
      "enable": true,
      "package": "egg-security",
      "name": "security",
      "dependencies": [],
      "optionalDependencies": [
        "session"
      ],
      "env": [],
      "from": "E:\\1牟江湖test项目\\midway\\serve\\node_modules\\egg\\config\\plugin.js",
      "path": "E:\\1牟江湖test项目\\midway\\serve\\node_modules\\egg-security",
      "version": "2.8.0"
    },
    "jsonp": {
      "enable": true,
      "package": "egg-jsonp",
      "name": "jsonp",
      "dependencies": [],
      "optionalDependencies": [
        "security"
      ],
      "env": [],
      "from": "E:\\1牟江湖test项目\\midway\\serve\\node_modules\\egg\\config\\plugin.js",
      "path": "E:\\1牟江湖test项目\\midway\\serve\\node_modules\\egg-jsonp",
      "version": "2.0.0"
    },
    "onerror": {
      "enable": true,
      "package": "egg-onerror",
      "name": "onerror",
      "dependencies": [],
      "optionalDependencies": [
        "jsonp"
      ],
      "env": [],
      "from": "E:\\1牟江湖test项目\\midway\\serve\\node_modules\\egg\\config\\plugin.js",
      "path": "E:\\1牟江湖test项目\\midway\\serve\\node_modules\\egg-onerror",
      "version": "2.1.0"
    },
    "i18n": {
      "enable": true,
      "package": "egg-i18n",
      "name": "i18n",
      "dependencies": [],
      "optionalDependencies": [],
      "env": [],
      "from": "E:\\1牟江湖test项目\\midway\\serve\\node_modules\\egg\\config\\plugin.js",
      "path": "E:\\1牟江湖test项目\\midway\\serve\\node_modules\\egg-i18n",
      "version": "2.1.1"
    },
    "watcher": {
      "enable": true,
      "package": "egg-watcher",
      "name": "watcher",
      "dependencies": [],
      "optionalDependencies": [],
      "env": [],
      "from": "E:\\1牟江湖test项目\\midway\\serve\\node_modules\\egg\\config\\plugin.js",
      "path": "E:\\1牟江湖test项目\\midway\\serve\\node_modules\\egg-watcher",
      "version": "3.1.1"
    },
    "schedule": {
      "enable": true,
      "package": "egg-schedule",
      "name": "schedule",
      "dependencies": [],
      "optionalDependencies": [],
      "env": [],
      "from": "E:\\1牟江湖test项目\\midway\\serve\\node_modules\\egg\\config\\plugin.js",
      "path": "E:\\1牟江湖test项目\\midway\\serve\\node_modules\\egg-schedule",
      "version": "3.6.4"
    },
    "multipart": {
      "enable": true,
      "package": "egg-multipart",
      "name": "multipart",
      "dependencies": [],
      "optionalDependencies": [
        "schedule"
      ],
      "env": [],
      "from": "E:\\1牟江湖test项目\\midway\\serve\\node_modules\\egg\\config\\plugin.js",
      "path": "E:\\1牟江湖test项目\\midway\\serve\\node_modules\\egg-multipart",
      "version": "2.10.3"
    },
    "logrotator": {
      "enable": true,
      "package": "egg-logrotator",
      "name": "logrotator",
      "dependencies": [
        "schedule"
      ],
      "optionalDependencies": [],
      "env": [],
      "from": "E:\\1牟江湖test项目\\midway\\serve\\node_modules\\egg\\config\\plugin.js",
      "path": "E:\\1牟江湖test项目\\midway\\serve\\node_modules\\egg-logrotator",
      "version": "3.1.0"
    },
    "static": {
      "enable": true,
      "package": "egg-static",
      "name": "static",
      "dependencies": [],
      "optionalDependencies": [],
      "env": [],
      "from": "E:\\1牟江湖test项目\\midway\\serve\\src\\config\\plugin.ts",
      "path": "E:\\1牟江湖test项目\\midway\\serve\\node_modules\\egg-static",
      "version": "2.2.0"
    },
    "view": {
      "enable": true,
      "package": "egg-view",
      "name": "view",
      "dependencies": [],
      "optionalDependencies": [],
      "env": [],
      "from": "E:\\1牟江湖test项目\\midway\\serve\\node_modules\\egg\\config\\plugin.js",
      "path": "E:\\1牟江湖test项目\\midway\\serve\\node_modules\\egg-view",
      "version": "2.1.2"
    },
    "schedulePlus": {
      "enable": true,
      "package": "midway-schedule",
      "name": "schedulePlus",
      "dependencies": [],
      "optionalDependencies": [
        "schedule"
      ],
      "env": [],
      "from": "E:\\1牟江湖test项目\\midway\\serve\\node_modules\\midway-web\\config\\plugin.js",
      "path": "E:\\1牟江湖test项目\\midway\\serve\\node_modules\\midway-schedule",
      "version": "1.20.1"
    },
    "sequelize": {
      "enable": true,
      "package": "egg-sequelize",
      "name": "sequelize",
      "dependencies": [],
      "optionalDependencies": [],
      "env": [],
      "from": "E:\\1牟江湖test项目\\midway\\serve\\src\\config\\plugin.ts",
      "path": "E:\\1牟江湖test项目\\midway\\serve\\node_modules\\_egg-sequelize@5.2.2@egg-sequelize",
      "version": "5.2.2"
    },
    "nunjucks": {
      "enable": true,
      "package": "egg-view-nunjucks",
      "name": "nunjucks",
      "dependencies": [
        "security",
        "view"
      ],
      "optionalDependencies": [],
      "env": [],
      "from": "E:\\1牟江湖test项目\\midway\\serve\\src\\config\\plugin.ts",
      "path": "E:\\1牟江湖test项目\\midway\\serve\\node_modules\\_egg-view-nunjucks@2.2.0@egg-view-nunjucks",
      "version": "2.2.0"
    },
    "cors": {
      "enable": true,
      "package": "egg-cors",
      "name": "cors",
      "dependencies": [],
      "optionalDependencies": [],
      "env": [],
      "from": "E:\\1牟江湖test项目\\midway\\serve\\src\\config\\plugin.ts",
      "path": "E:\\1牟江湖test项目\\midway\\serve\\node_modules\\_egg-cors@2.2.3@egg-cors",
      "version": "2.2.3"
    },
    "midway-mock": {
      "path": "E:\\1牟江湖test项目\\midway\\serve\\node_modules\\midway-mock\\",
      "enable": true,
      "name": "midway-mock",
      "dependencies": [],
      "optionalDependencies": [],
      "env": [],
      "version": "1.20.1"
    },
    "egg-mock": {
      "enable": true,
      "path": "E:\\1牟江湖test项目\\midway\\serve\\node_modules\\egg-mock",
      "name": "egg-mock",
      "dependencies": [],
      "optionalDependencies": [],
      "env": [],
      "version": "3.25.1"
    }
  }
}