[
  {
    "name": "Application Start",
    "start": 1598424840025,
    "end": 1598424840442,
    "duration": 417,
    "pid": 3664,
    "index": 0
  },
  {
    "name": "Load Plugin",
    "start": 1598424840027,
    "end": 1598424840036,
    "duration": 9,
    "pid": 3664,
    "index": 1
  },
  {
    "name": "Load Config",
    "start": 1598424840036,
    "end": 1598424840050,
    "duration": 14,
    "pid": 3664,
    "index": 2
  },
  {
    "name": "Require(0) config/config.default.ts",
    "start": 1598424840038,
    "end": 1598424840038,
    "duration": 0,
    "pid": 3664,
    "index": 3
  },
  {
    "name": "Require(1) E:/1牟江湖test项目/midway/serve/node_modules/egg-session/config/config.default.js",
    "start": 1598424840038,
    "end": 1598424840038,
    "duration": 0,
    "pid": 3664,
    "index": 4
  },
  {
    "name": "Require(2) E:/1牟江湖test项目/midway/serve/node_modules/egg-security/config/config.default.js",
    "start": 1598424840039,
    "end": 1598424840039,
    "duration": 0,
    "pid": 3664,
    "index": 5
  },
  {
    "name": "Require(3) E:/1牟江湖test项目/midway/serve/node_modules/egg-jsonp/config/config.default.js",
    "start": 1598424840039,
    "end": 1598424840039,
    "duration": 0,
    "pid": 3664,
    "index": 6
  },
  {
    "name": "Require(4) E:/1牟江湖test项目/midway/serve/node_modules/egg-onerror/config/config.default.js",
    "start": 1598424840039,
    "end": 1598424840039,
    "duration": 0,
    "pid": 3664,
    "index": 7
  },
  {
    "name": "Require(5) E:/1牟江湖test项目/midway/serve/node_modules/egg-i18n/config/config.default.js",
    "start": 1598424840039,
    "end": 1598424840039,
    "duration": 0,
    "pid": 3664,
    "index": 8
  },
  {
    "name": "Require(6) E:/1牟江湖test项目/midway/serve/node_modules/egg-watcher/config/config.default.js",
    "start": 1598424840039,
    "end": 1598424840039,
    "duration": 0,
    "pid": 3664,
    "index": 9
  },
  {
    "name": "Require(7) E:/1牟江湖test项目/midway/serve/node_modules/egg-schedule/config/config.default.js",
    "start": 1598424840039,
    "end": 1598424840039,
    "duration": 0,
    "pid": 3664,
    "index": 10
  },
  {
    "name": "Require(8) E:/1牟江湖test项目/midway/serve/node_modules/egg-multipart/config/config.default.js",
    "start": 1598424840040,
    "end": 1598424840040,
    "duration": 0,
    "pid": 3664,
    "index": 11
  },
  {
    "name": "Require(9) E:/1牟江湖test项目/midway/serve/node_modules/egg-logrotator/config/config.default.js",
    "start": 1598424840040,
    "end": 1598424840040,
    "duration": 0,
    "pid": 3664,
    "index": 12
  },
  {
    "name": "Require(10) E:/1牟江湖test项目/midway/serve/node_modules/egg-static/config/config.default.js",
    "start": 1598424840040,
    "end": 1598424840040,
    "duration": 0,
    "pid": 3664,
    "index": 13
  },
  {
    "name": "Require(11) E:/1牟江湖test项目/midway/serve/node_modules/egg-view/config/config.default.js",
    "start": 1598424840040,
    "end": 1598424840040,
    "duration": 0,
    "pid": 3664,
    "index": 14
  },
  {
    "name": "Require(12) E:/1牟江湖test项目/midway/serve/node_modules/_egg-sequelize@5.2.2@egg-sequelize/config/config.default.js",
    "start": 1598424840040,
    "end": 1598424840041,
    "duration": 1,
    "pid": 3664,
    "index": 15
  },
  {
    "name": "Require(13) E:/1牟江湖test项目/midway/serve/node_modules/_egg-view-nunjucks@2.2.0@egg-view-nunjucks/config/config.default.js",
    "start": 1598424840041,
    "end": 1598424840041,
    "duration": 0,
    "pid": 3664,
    "index": 16
  },
  {
    "name": "Require(14) E:/1牟江湖test项目/midway/serve/node_modules/_egg-cors@2.2.3@egg-cors/config/config.default.js",
    "start": 1598424840041,
    "end": 1598424840041,
    "duration": 0,
    "pid": 3664,
    "index": 17
  },
  {
    "name": "Require(15) E:/1牟江湖test项目/midway/serve/node_modules/egg/config/config.default.js",
    "start": 1598424840041,
    "end": 1598424840041,
    "duration": 0,
    "pid": 3664,
    "index": 18
  },
  {
    "name": "Require(16) E:/1牟江湖test项目/midway/serve/node_modules/midway-web/config/config.default.js",
    "start": 1598424840042,
    "end": 1598424840042,
    "duration": 0,
    "pid": 3664,
    "index": 19
  },
  {
    "name": "Require(17) config/config.default.ts",
    "start": 1598424840043,
    "end": 1598424840043,
    "duration": 0,
    "pid": 3664,
    "index": 20
  },
  {
    "name": "Require(18) E:/1牟江湖test项目/midway/serve/node_modules/egg-watcher/config/config.unittest.js",
    "start": 1598424840044,
    "end": 1598424840044,
    "duration": 0,
    "pid": 3664,
    "index": 21
  },
  {
    "name": "Require(19) E:/1牟江湖test项目/midway/serve/node_modules/egg/config/config.unittest.js",
    "start": 1598424840050,
    "end": 1598424840050,
    "duration": 0,
    "pid": 3664,
    "index": 22
  },
  {
    "name": "Load extend/application.js",
    "start": 1598424840051,
    "end": 1598424840114,
    "duration": 63,
    "pid": 3664,
    "index": 23
  },
  {
    "name": "Require(20) E:/1牟江湖test项目/midway/serve/node_modules/egg-session/app/extend/application.js",
    "start": 1598424840051,
    "end": 1598424840052,
    "duration": 1,
    "pid": 3664,
    "index": 24
  },
  {
    "name": "Require(21) E:/1牟江湖test项目/midway/serve/node_modules/egg-security/app/extend/application.js",
    "start": 1598424840052,
    "end": 1598424840052,
    "duration": 0,
    "pid": 3664,
    "index": 25
  },
  {
    "name": "Require(22) E:/1牟江湖test项目/midway/serve/node_modules/egg-jsonp/app/extend/application.js",
    "start": 1598424840053,
    "end": 1598424840055,
    "duration": 2,
    "pid": 3664,
    "index": 26
  },
  {
    "name": "Require(23) E:/1牟江湖test项目/midway/serve/node_modules/egg-logrotator/app/extend/application.js",
    "start": 1598424840056,
    "end": 1598424840057,
    "duration": 1,
    "pid": 3664,
    "index": 27
  },
  {
    "name": "Require(24) E:/1牟江湖test项目/midway/serve/node_modules/egg-view/app/extend/application.js",
    "start": 1598424840057,
    "end": 1598424840059,
    "duration": 2,
    "pid": 3664,
    "index": 28
  },
  {
    "name": "Require(25) E:/1牟江湖test项目/midway/serve/node_modules/_egg-view-nunjucks@2.2.0@egg-view-nunjucks/app/extend/application.js",
    "start": 1598424840060,
    "end": 1598424840101,
    "duration": 41,
    "pid": 3664,
    "index": 29
  },
  {
    "name": "Require(26) E:/1牟江湖test项目/midway/serve/node_modules/midway-mock/app/extend/application.js",
    "start": 1598424840102,
    "end": 1598424840104,
    "duration": 2,
    "pid": 3664,
    "index": 30
  },
  {
    "name": "Require(27) E:/1牟江湖test项目/midway/serve/node_modules/egg-mock/app/extend/application.js",
    "start": 1598424840104,
    "end": 1598424840110,
    "duration": 6,
    "pid": 3664,
    "index": 31
  },
  {
    "name": "Load extend/request.js",
    "start": 1598424840114,
    "end": 1598424840123,
    "duration": 9,
    "pid": 3664,
    "index": 32
  },
  {
    "name": "Require(28) E:/1牟江湖test项目/midway/serve/node_modules/egg/app/extend/request.js",
    "start": 1598424840117,
    "end": 1598424840118,
    "duration": 1,
    "pid": 3664,
    "index": 33
  },
  {
    "name": "Load extend/response.js",
    "start": 1598424840123,
    "end": 1598424840133,
    "duration": 10,
    "pid": 3664,
    "index": 34
  },
  {
    "name": "Require(29) E:/1牟江湖test项目/midway/serve/node_modules/egg/app/extend/response.js",
    "start": 1598424840126,
    "end": 1598424840128,
    "duration": 2,
    "pid": 3664,
    "index": 35
  },
  {
    "name": "Load extend/context.js",
    "start": 1598424840133,
    "end": 1598424840140,
    "duration": 7,
    "pid": 3664,
    "index": 36
  },
  {
    "name": "Require(30) E:/1牟江湖test项目/midway/serve/node_modules/egg-security/app/extend/context.js",
    "start": 1598424840133,
    "end": 1598424840133,
    "duration": 0,
    "pid": 3664,
    "index": 37
  },
  {
    "name": "Require(31) E:/1牟江湖test项目/midway/serve/node_modules/egg-jsonp/app/extend/context.js",
    "start": 1598424840133,
    "end": 1598424840133,
    "duration": 0,
    "pid": 3664,
    "index": 38
  },
  {
    "name": "Require(32) E:/1牟江湖test项目/midway/serve/node_modules/egg-i18n/app/extend/context.js",
    "start": 1598424840134,
    "end": 1598424840134,
    "duration": 0,
    "pid": 3664,
    "index": 39
  },
  {
    "name": "Require(33) E:/1牟江湖test项目/midway/serve/node_modules/egg-multipart/app/extend/context.js",
    "start": 1598424840134,
    "end": 1598424840134,
    "duration": 0,
    "pid": 3664,
    "index": 40
  },
  {
    "name": "Require(34) E:/1牟江湖test项目/midway/serve/node_modules/egg-view/app/extend/context.js",
    "start": 1598424840134,
    "end": 1598424840134,
    "duration": 0,
    "pid": 3664,
    "index": 41
  },
  {
    "name": "Require(35) E:/1牟江湖test项目/midway/serve/node_modules/egg/app/extend/context.js",
    "start": 1598424840135,
    "end": 1598424840135,
    "duration": 0,
    "pid": 3664,
    "index": 42
  },
  {
    "name": "Require(36) E:/1牟江湖test项目/midway/serve/node_modules/midway-web/app/extend/context.js",
    "start": 1598424840135,
    "end": 1598424840135,
    "duration": 0,
    "pid": 3664,
    "index": 43
  },
  {
    "name": "Load extend/helper.js",
    "start": 1598424840141,
    "end": 1598424840175,
    "duration": 34,
    "pid": 3664,
    "index": 44
  },
  {
    "name": "Require(37) E:/1牟江湖test项目/midway/serve/node_modules/egg-security/app/extend/helper.js",
    "start": 1598424840141,
    "end": 1598424840166,
    "duration": 25,
    "pid": 3664,
    "index": 45
  },
  {
    "name": "Require(38) E:/1牟江湖test项目/midway/serve/node_modules/egg/app/extend/helper.js",
    "start": 1598424840168,
    "end": 1598424840170,
    "duration": 2,
    "pid": 3664,
    "index": 46
  },
  {
    "name": "Load app.js",
    "start": 1598424840180,
    "end": 1598424840229,
    "duration": 49,
    "pid": 3664,
    "index": 47
  },
  {
    "name": "Require(39) E:/1牟江湖test项目/midway/serve/node_modules/egg-session/app.js",
    "start": 1598424840181,
    "end": 1598424840181,
    "duration": 0,
    "pid": 3664,
    "index": 48
  },
  {
    "name": "Require(40) E:/1牟江湖test项目/midway/serve/node_modules/egg-security/app.js",
    "start": 1598424840181,
    "end": 1598424840184,
    "duration": 3,
    "pid": 3664,
    "index": 49
  },
  {
    "name": "Require(41) E:/1牟江湖test项目/midway/serve/node_modules/egg-onerror/app.js",
    "start": 1598424840184,
    "end": 1598424840196,
    "duration": 12,
    "pid": 3664,
    "index": 50
  },
  {
    "name": "Require(42) E:/1牟江湖test项目/midway/serve/node_modules/egg-i18n/app.js",
    "start": 1598424840196,
    "end": 1598424840216,
    "duration": 20,
    "pid": 3664,
    "index": 51
  },
  {
    "name": "Require(43) E:/1牟江湖test项目/midway/serve/node_modules/egg-watcher/app.js",
    "start": 1598424840216,
    "end": 1598424840217,
    "duration": 1,
    "pid": 3664,
    "index": 52
  },
  {
    "name": "Require(44) E:/1牟江湖test项目/midway/serve/node_modules/egg-schedule/app.js",
    "start": 1598424840217,
    "end": 1598424840218,
    "duration": 1,
    "pid": 3664,
    "index": 53
  },
  {
    "name": "Require(45) E:/1牟江湖test项目/midway/serve/node_modules/egg-multipart/app.js",
    "start": 1598424840218,
    "end": 1598424840219,
    "duration": 1,
    "pid": 3664,
    "index": 54
  },
  {
    "name": "Require(46) E:/1牟江湖test项目/midway/serve/node_modules/egg-logrotator/app.js",
    "start": 1598424840219,
    "end": 1598424840220,
    "duration": 1,
    "pid": 3664,
    "index": 55
  },
  {
    "name": "Require(47) E:/1牟江湖test项目/midway/serve/node_modules/egg-static/app.js",
    "start": 1598424840220,
    "end": 1598424840222,
    "duration": 2,
    "pid": 3664,
    "index": 56
  },
  {
    "name": "Require(48) E:/1牟江湖test项目/midway/serve/node_modules/midway-schedule/app.js",
    "start": 1598424840223,
    "end": 1598424840224,
    "duration": 1,
    "pid": 3664,
    "index": 57
  },
  {
    "name": "Require(49) E:/1牟江湖test项目/midway/serve/node_modules/_egg-sequelize@5.2.2@egg-sequelize/app.js",
    "start": 1598424840225,
    "end": 1598424840225,
    "duration": 0,
    "pid": 3664,
    "index": 58
  },
  {
    "name": "Require(50) E:/1牟江湖test项目/midway/serve/node_modules/_egg-view-nunjucks@2.2.0@egg-view-nunjucks/app.js",
    "start": 1598424840226,
    "end": 1598424840226,
    "duration": 0,
    "pid": 3664,
    "index": 59
  },
  {
    "name": "Require(51) E:/1牟江湖test项目/midway/serve/node_modules/_egg-cors@2.2.3@egg-cors/app.js",
    "start": 1598424840226,
    "end": 1598424840227,
    "duration": 1,
    "pid": 3664,
    "index": 60
  },
  {
    "name": "Require(52) E:/1牟江湖test项目/midway/serve/node_modules/egg-mock/app.js",
    "start": 1598424840227,
    "end": 1598424840228,
    "duration": 1,
    "pid": 3664,
    "index": 61
  },
  {
    "name": "Before Start in E:/1牟江湖test项目/midway/serve/node_modules/egg-watcher/lib/init.js:15:14",
    "start": 1598424840235,
    "end": 1598424840429,
    "duration": 194,
    "pid": 3664,
    "index": 62
  },
  {
    "name": "Load \"Symbol(model)\" to Application",
    "start": 1598424840247,
    "end": 1598424840257,
    "duration": 10,
    "pid": 3664,
    "index": 63
  },
  {
    "name": "Before Start in E:/1牟江湖test项目/midway/serve/node_modules/_egg-sequelize@5.2.2@egg-sequelize/lib/loader.js:39:7",
    "start": 1598424840257,
    "end": 1598424840442,
    "duration": 185,
    "pid": 3664,
    "index": 64
  },
  {
    "name": "Load Service",
    "start": 1598424840259,
    "end": 1598424840267,
    "duration": 8,
    "pid": 3664,
    "index": 65
  },
  {
    "name": "Load \"service\" to Context",
    "start": 1598424840259,
    "end": 1598424840267,
    "duration": 8,
    "pid": 3664,
    "index": 66
  },
  {
    "name": "Load Middleware",
    "start": 1598424840267,
    "end": 1598424840407,
    "duration": 140,
    "pid": 3664,
    "index": 67
  },
  {
    "name": "Load \"middlewares\" to Application",
    "start": 1598424840267,
    "end": 1598424840396,
    "duration": 129,
    "pid": 3664,
    "index": 68
  },
  {
    "name": "Load Controller",
    "start": 1598424840407,
    "end": 1598424840409,
    "duration": 2,
    "pid": 3664,
    "index": 69
  },
  {
    "name": "Load \"controller\" to Application",
    "start": 1598424840407,
    "end": 1598424840409,
    "duration": 2,
    "pid": 3664,
    "index": 70
  },
  {
    "name": "Load Router",
    "start": 1598424840409,
    "end": 1598424840409,
    "duration": 0,
    "pid": 3664,
    "index": 71
  },
  {
    "name": "Before Start in E:/1牟江湖test项目/midway/serve/node_modules/midway-web/dist/loader/loader.js:29:18",
    "start": 1598424840409,
    "end": 1598424840419,
    "duration": 10,
    "pid": 3664,
    "index": 72
  },
  {
    "name": "Before Start in E:/1牟江湖test项目/midway/serve/node_modules/egg-core/lib/egg.js:303:10",
    "start": 1598424840413,
    "end": 1598424840416,
    "duration": 3,
    "pid": 3664,
    "index": 73
  }
]