[
  {
    "name": "Application Start",
    "start": 1596420141862,
    "end": 1596420142180,
    "duration": 318,
    "pid": 11764,
    "index": 0
  },
  {
    "name": "Load Plugin",
    "start": 1596420141864,
    "end": 1596420141869,
    "duration": 5,
    "pid": 11764,
    "index": 1
  },
  {
    "name": "Load Config",
    "start": 1596420141869,
    "end": 1596420141875,
    "duration": 6,
    "pid": 11764,
    "index": 2
  },
  {
    "name": "Require(0) config/config.default.ts",
    "start": 1596420141869,
    "end": 1596420141869,
    "duration": 0,
    "pid": 11764,
    "index": 3
  },
  {
    "name": "Require(1) E:/1牟江湖test项目/midway/serve/node_modules/egg-session/config/config.default.js",
    "start": 1596420141870,
    "end": 1596420141870,
    "duration": 0,
    "pid": 11764,
    "index": 4
  },
  {
    "name": "Require(2) E:/1牟江湖test项目/midway/serve/node_modules/egg-security/config/config.default.js",
    "start": 1596420141870,
    "end": 1596420141870,
    "duration": 0,
    "pid": 11764,
    "index": 5
  },
  {
    "name": "Require(3) E:/1牟江湖test项目/midway/serve/node_modules/egg-jsonp/config/config.default.js",
    "start": 1596420141870,
    "end": 1596420141870,
    "duration": 0,
    "pid": 11764,
    "index": 6
  },
  {
    "name": "Require(4) E:/1牟江湖test项目/midway/serve/node_modules/egg-onerror/config/config.default.js",
    "start": 1596420141870,
    "end": 1596420141870,
    "duration": 0,
    "pid": 11764,
    "index": 7
  },
  {
    "name": "Require(5) E:/1牟江湖test项目/midway/serve/node_modules/egg-i18n/config/config.default.js",
    "start": 1596420141870,
    "end": 1596420141870,
    "duration": 0,
    "pid": 11764,
    "index": 8
  },
  {
    "name": "Require(6) E:/1牟江湖test项目/midway/serve/node_modules/egg-watcher/config/config.default.js",
    "start": 1596420141870,
    "end": 1596420141870,
    "duration": 0,
    "pid": 11764,
    "index": 9
  },
  {
    "name": "Require(7) E:/1牟江湖test项目/midway/serve/node_modules/egg-schedule/config/config.default.js",
    "start": 1596420141870,
    "end": 1596420141870,
    "duration": 0,
    "pid": 11764,
    "index": 10
  },
  {
    "name": "Require(8) E:/1牟江湖test项目/midway/serve/node_modules/egg-multipart/config/config.default.js",
    "start": 1596420141870,
    "end": 1596420141870,
    "duration": 0,
    "pid": 11764,
    "index": 11
  },
  {
    "name": "Require(9) E:/1牟江湖test项目/midway/serve/node_modules/egg-logrotator/config/config.default.js",
    "start": 1596420141870,
    "end": 1596420141870,
    "duration": 0,
    "pid": 11764,
    "index": 12
  },
  {
    "name": "Require(10) E:/1牟江湖test项目/midway/serve/node_modules/egg-static/config/config.default.js",
    "start": 1596420141870,
    "end": 1596420141870,
    "duration": 0,
    "pid": 11764,
    "index": 13
  },
  {
    "name": "Require(11) E:/1牟江湖test项目/midway/serve/node_modules/egg-view/config/config.default.js",
    "start": 1596420141871,
    "end": 1596420141871,
    "duration": 0,
    "pid": 11764,
    "index": 14
  },
  {
    "name": "Require(12) E:/1牟江湖test项目/midway/serve/node_modules/_egg-sequelize@5.2.2@egg-sequelize/config/config.default.js",
    "start": 1596420141871,
    "end": 1596420141871,
    "duration": 0,
    "pid": 11764,
    "index": 15
  },
  {
    "name": "Require(13) E:/1牟江湖test项目/midway/serve/node_modules/_egg-view-nunjucks@2.2.0@egg-view-nunjucks/config/config.default.js",
    "start": 1596420141871,
    "end": 1596420141871,
    "duration": 0,
    "pid": 11764,
    "index": 16
  },
  {
    "name": "Require(14) E:/1牟江湖test项目/midway/serve/node_modules/_egg-cors@2.2.3@egg-cors/config/config.default.js",
    "start": 1596420141871,
    "end": 1596420141871,
    "duration": 0,
    "pid": 11764,
    "index": 17
  },
  {
    "name": "Require(15) E:/1牟江湖test项目/midway/serve/node_modules/egg/config/config.default.js",
    "start": 1596420141872,
    "end": 1596420141872,
    "duration": 0,
    "pid": 11764,
    "index": 18
  },
  {
    "name": "Require(16) E:/1牟江湖test项目/midway/serve/node_modules/midway-web/config/config.default.js",
    "start": 1596420141872,
    "end": 1596420141872,
    "duration": 0,
    "pid": 11764,
    "index": 19
  },
  {
    "name": "Require(17) config/config.default.ts",
    "start": 1596420141873,
    "end": 1596420141873,
    "duration": 0,
    "pid": 11764,
    "index": 20
  },
  {
    "name": "Require(18) E:/1牟江湖test项目/midway/serve/node_modules/egg-watcher/config/config.unittest.js",
    "start": 1596420141873,
    "end": 1596420141873,
    "duration": 0,
    "pid": 11764,
    "index": 21
  },
  {
    "name": "Require(19) E:/1牟江湖test项目/midway/serve/node_modules/egg/config/config.unittest.js",
    "start": 1596420141874,
    "end": 1596420141874,
    "duration": 0,
    "pid": 11764,
    "index": 22
  },
  {
    "name": "Load extend/application.js",
    "start": 1596420141875,
    "end": 1596420141920,
    "duration": 45,
    "pid": 11764,
    "index": 23
  },
  {
    "name": "Require(20) E:/1牟江湖test项目/midway/serve/node_modules/egg-session/app/extend/application.js",
    "start": 1596420141875,
    "end": 1596420141876,
    "duration": 1,
    "pid": 11764,
    "index": 24
  },
  {
    "name": "Require(21) E:/1牟江湖test项目/midway/serve/node_modules/egg-security/app/extend/application.js",
    "start": 1596420141876,
    "end": 1596420141877,
    "duration": 1,
    "pid": 11764,
    "index": 25
  },
  {
    "name": "Require(22) E:/1牟江湖test项目/midway/serve/node_modules/egg-jsonp/app/extend/application.js",
    "start": 1596420141877,
    "end": 1596420141878,
    "duration": 1,
    "pid": 11764,
    "index": 26
  },
  {
    "name": "Require(23) E:/1牟江湖test项目/midway/serve/node_modules/egg-logrotator/app/extend/application.js",
    "start": 1596420141879,
    "end": 1596420141879,
    "duration": 0,
    "pid": 11764,
    "index": 27
  },
  {
    "name": "Require(24) E:/1牟江湖test项目/midway/serve/node_modules/egg-view/app/extend/application.js",
    "start": 1596420141879,
    "end": 1596420141881,
    "duration": 2,
    "pid": 11764,
    "index": 28
  },
  {
    "name": "Require(25) E:/1牟江湖test项目/midway/serve/node_modules/_egg-view-nunjucks@2.2.0@egg-view-nunjucks/app/extend/application.js",
    "start": 1596420141881,
    "end": 1596420141913,
    "duration": 32,
    "pid": 11764,
    "index": 29
  },
  {
    "name": "Require(26) E:/1牟江湖test项目/midway/serve/node_modules/midway-mock/app/extend/application.js",
    "start": 1596420141913,
    "end": 1596420141915,
    "duration": 2,
    "pid": 11764,
    "index": 30
  },
  {
    "name": "Require(27) E:/1牟江湖test项目/midway/serve/node_modules/egg-mock/app/extend/application.js",
    "start": 1596420141915,
    "end": 1596420141918,
    "duration": 3,
    "pid": 11764,
    "index": 31
  },
  {
    "name": "Load extend/request.js",
    "start": 1596420141920,
    "end": 1596420141925,
    "duration": 5,
    "pid": 11764,
    "index": 32
  },
  {
    "name": "Require(28) E:/1牟江湖test项目/midway/serve/node_modules/egg/app/extend/request.js",
    "start": 1596420141922,
    "end": 1596420141923,
    "duration": 1,
    "pid": 11764,
    "index": 33
  },
  {
    "name": "Load extend/response.js",
    "start": 1596420141925,
    "end": 1596420141930,
    "duration": 5,
    "pid": 11764,
    "index": 34
  },
  {
    "name": "Require(29) E:/1牟江湖test项目/midway/serve/node_modules/egg/app/extend/response.js",
    "start": 1596420141926,
    "end": 1596420141928,
    "duration": 2,
    "pid": 11764,
    "index": 35
  },
  {
    "name": "Load extend/context.js",
    "start": 1596420141930,
    "end": 1596420141945,
    "duration": 15,
    "pid": 11764,
    "index": 36
  },
  {
    "name": "Require(30) E:/1牟江湖test项目/midway/serve/node_modules/egg-security/app/extend/context.js",
    "start": 1596420141930,
    "end": 1596420141930,
    "duration": 0,
    "pid": 11764,
    "index": 37
  },
  {
    "name": "Require(31) E:/1牟江湖test项目/midway/serve/node_modules/egg-jsonp/app/extend/context.js",
    "start": 1596420141930,
    "end": 1596420141930,
    "duration": 0,
    "pid": 11764,
    "index": 38
  },
  {
    "name": "Require(32) E:/1牟江湖test项目/midway/serve/node_modules/egg-i18n/app/extend/context.js",
    "start": 1596420141931,
    "end": 1596420141931,
    "duration": 0,
    "pid": 11764,
    "index": 39
  },
  {
    "name": "Require(33) E:/1牟江湖test项目/midway/serve/node_modules/egg-multipart/app/extend/context.js",
    "start": 1596420141931,
    "end": 1596420141931,
    "duration": 0,
    "pid": 11764,
    "index": 40
  },
  {
    "name": "Require(34) E:/1牟江湖test项目/midway/serve/node_modules/egg-view/app/extend/context.js",
    "start": 1596420141931,
    "end": 1596420141931,
    "duration": 0,
    "pid": 11764,
    "index": 41
  },
  {
    "name": "Require(35) E:/1牟江湖test项目/midway/serve/node_modules/egg/app/extend/context.js",
    "start": 1596420141932,
    "end": 1596420141932,
    "duration": 0,
    "pid": 11764,
    "index": 42
  },
  {
    "name": "Require(36) E:/1牟江湖test项目/midway/serve/node_modules/midway-web/app/extend/context.js",
    "start": 1596420141932,
    "end": 1596420141932,
    "duration": 0,
    "pid": 11764,
    "index": 43
  },
  {
    "name": "Load extend/helper.js",
    "start": 1596420141945,
    "end": 1596420141967,
    "duration": 22,
    "pid": 11764,
    "index": 44
  },
  {
    "name": "Require(37) E:/1牟江湖test项目/midway/serve/node_modules/egg-security/app/extend/helper.js",
    "start": 1596420141945,
    "end": 1596420141963,
    "duration": 18,
    "pid": 11764,
    "index": 45
  },
  {
    "name": "Require(38) E:/1牟江湖test项目/midway/serve/node_modules/egg/app/extend/helper.js",
    "start": 1596420141964,
    "end": 1596420141965,
    "duration": 1,
    "pid": 11764,
    "index": 46
  },
  {
    "name": "Load app.js",
    "start": 1596420141971,
    "end": 1596420142006,
    "duration": 35,
    "pid": 11764,
    "index": 47
  },
  {
    "name": "Require(39) E:/1牟江湖test项目/midway/serve/node_modules/egg-session/app.js",
    "start": 1596420141972,
    "end": 1596420141972,
    "duration": 0,
    "pid": 11764,
    "index": 48
  },
  {
    "name": "Require(40) E:/1牟江湖test项目/midway/serve/node_modules/egg-security/app.js",
    "start": 1596420141972,
    "end": 1596420141974,
    "duration": 2,
    "pid": 11764,
    "index": 49
  },
  {
    "name": "Require(41) E:/1牟江湖test项目/midway/serve/node_modules/egg-onerror/app.js",
    "start": 1596420141974,
    "end": 1596420141983,
    "duration": 9,
    "pid": 11764,
    "index": 50
  },
  {
    "name": "Require(42) E:/1牟江湖test项目/midway/serve/node_modules/egg-i18n/app.js",
    "start": 1596420141983,
    "end": 1596420141998,
    "duration": 15,
    "pid": 11764,
    "index": 51
  },
  {
    "name": "Require(43) E:/1牟江湖test项目/midway/serve/node_modules/egg-watcher/app.js",
    "start": 1596420141998,
    "end": 1596420141999,
    "duration": 1,
    "pid": 11764,
    "index": 52
  },
  {
    "name": "Require(44) E:/1牟江湖test项目/midway/serve/node_modules/egg-schedule/app.js",
    "start": 1596420141999,
    "end": 1596420141999,
    "duration": 0,
    "pid": 11764,
    "index": 53
  },
  {
    "name": "Require(45) E:/1牟江湖test项目/midway/serve/node_modules/egg-multipart/app.js",
    "start": 1596420142000,
    "end": 1596420142000,
    "duration": 0,
    "pid": 11764,
    "index": 54
  },
  {
    "name": "Require(46) E:/1牟江湖test项目/midway/serve/node_modules/egg-logrotator/app.js",
    "start": 1596420142001,
    "end": 1596420142001,
    "duration": 0,
    "pid": 11764,
    "index": 55
  },
  {
    "name": "Require(47) E:/1牟江湖test项目/midway/serve/node_modules/egg-static/app.js",
    "start": 1596420142001,
    "end": 1596420142002,
    "duration": 1,
    "pid": 11764,
    "index": 56
  },
  {
    "name": "Require(48) E:/1牟江湖test项目/midway/serve/node_modules/midway-schedule/app.js",
    "start": 1596420142002,
    "end": 1596420142003,
    "duration": 1,
    "pid": 11764,
    "index": 57
  },
  {
    "name": "Require(49) E:/1牟江湖test项目/midway/serve/node_modules/_egg-sequelize@5.2.2@egg-sequelize/app.js",
    "start": 1596420142003,
    "end": 1596420142004,
    "duration": 1,
    "pid": 11764,
    "index": 58
  },
  {
    "name": "Require(50) E:/1牟江湖test项目/midway/serve/node_modules/_egg-view-nunjucks@2.2.0@egg-view-nunjucks/app.js",
    "start": 1596420142004,
    "end": 1596420142004,
    "duration": 0,
    "pid": 11764,
    "index": 59
  },
  {
    "name": "Require(51) E:/1牟江湖test项目/midway/serve/node_modules/_egg-cors@2.2.3@egg-cors/app.js",
    "start": 1596420142004,
    "end": 1596420142005,
    "duration": 1,
    "pid": 11764,
    "index": 60
  },
  {
    "name": "Require(52) E:/1牟江湖test项目/midway/serve/node_modules/egg-mock/app.js",
    "start": 1596420142005,
    "end": 1596420142006,
    "duration": 1,
    "pid": 11764,
    "index": 61
  },
  {
    "name": "Before Start in E:/1牟江湖test项目/midway/serve/node_modules/egg-watcher/lib/init.js:15:14",
    "start": 1596420142013,
    "end": 1596420142165,
    "duration": 152,
    "pid": 11764,
    "index": 62
  },
  {
    "name": "Load \"Symbol(model)\" to Application",
    "start": 1596420142020,
    "end": 1596420142027,
    "duration": 7,
    "pid": 11764,
    "index": 63
  },
  {
    "name": "Before Start in E:/1牟江湖test项目/midway/serve/node_modules/_egg-sequelize@5.2.2@egg-sequelize/lib/loader.js:39:7",
    "start": 1596420142027,
    "end": 1596420142179,
    "duration": 152,
    "pid": 11764,
    "index": 64
  },
  {
    "name": "Load Service",
    "start": 1596420142028,
    "end": 1596420142033,
    "duration": 5,
    "pid": 11764,
    "index": 65
  },
  {
    "name": "Load \"service\" to Context",
    "start": 1596420142029,
    "end": 1596420142033,
    "duration": 4,
    "pid": 11764,
    "index": 66
  },
  {
    "name": "Load Middleware",
    "start": 1596420142033,
    "end": 1596420142137,
    "duration": 104,
    "pid": 11764,
    "index": 67
  },
  {
    "name": "Load \"middlewares\" to Application",
    "start": 1596420142033,
    "end": 1596420142125,
    "duration": 92,
    "pid": 11764,
    "index": 68
  },
  {
    "name": "Load Controller",
    "start": 1596420142137,
    "end": 1596420142138,
    "duration": 1,
    "pid": 11764,
    "index": 69
  },
  {
    "name": "Load \"controller\" to Application",
    "start": 1596420142137,
    "end": 1596420142138,
    "duration": 1,
    "pid": 11764,
    "index": 70
  },
  {
    "name": "Load Router",
    "start": 1596420142138,
    "end": 1596420142138,
    "duration": 0,
    "pid": 11764,
    "index": 71
  },
  {
    "name": "Before Start in E:/1牟江湖test项目/midway/serve/node_modules/midway-web/dist/loader/loader.js:29:18",
    "start": 1596420142138,
    "end": 1596420142154,
    "duration": 16,
    "pid": 11764,
    "index": 72
  },
  {
    "name": "Before Start in E:/1牟江湖test项目/midway/serve/node_modules/egg-core/lib/egg.js:303:10",
    "start": 1596420142145,
    "end": 1596420142151,
    "duration": 6,
    "pid": 11764,
    "index": 73
  }
]