[
  {
    "name": "Application Start",
    "start": 1597908101613,
    "end": 1597908102950,
    "duration": 1337,
    "pid": 39792,
    "index": 0
  },
  {
    "name": "Load Plugin",
    "start": 1597908101615,
    "end": 1597908101621,
    "duration": 6,
    "pid": 39792,
    "index": 1
  },
  {
    "name": "Load Config",
    "start": 1597908101621,
    "end": 1597908101627,
    "duration": 6,
    "pid": 39792,
    "index": 2
  },
  {
    "name": "Require(0) config/config.default.ts",
    "start": 1597908101621,
    "end": 1597908101621,
    "duration": 0,
    "pid": 39792,
    "index": 3
  },
  {
    "name": "Require(1) E:/1牟江湖test项目/midway/serve/node_modules/egg-session/config/config.default.js",
    "start": 1597908101621,
    "end": 1597908101621,
    "duration": 0,
    "pid": 39792,
    "index": 4
  },
  {
    "name": "Require(2) E:/1牟江湖test项目/midway/serve/node_modules/egg-security/config/config.default.js",
    "start": 1597908101621,
    "end": 1597908101621,
    "duration": 0,
    "pid": 39792,
    "index": 5
  },
  {
    "name": "Require(3) E:/1牟江湖test项目/midway/serve/node_modules/egg-jsonp/config/config.default.js",
    "start": 1597908101622,
    "end": 1597908101622,
    "duration": 0,
    "pid": 39792,
    "index": 6
  },
  {
    "name": "Require(4) E:/1牟江湖test项目/midway/serve/node_modules/egg-onerror/config/config.default.js",
    "start": 1597908101622,
    "end": 1597908101622,
    "duration": 0,
    "pid": 39792,
    "index": 7
  },
  {
    "name": "Require(5) E:/1牟江湖test项目/midway/serve/node_modules/egg-i18n/config/config.default.js",
    "start": 1597908101622,
    "end": 1597908101622,
    "duration": 0,
    "pid": 39792,
    "index": 8
  },
  {
    "name": "Require(6) E:/1牟江湖test项目/midway/serve/node_modules/egg-watcher/config/config.default.js",
    "start": 1597908101622,
    "end": 1597908101622,
    "duration": 0,
    "pid": 39792,
    "index": 9
  },
  {
    "name": "Require(7) E:/1牟江湖test项目/midway/serve/node_modules/egg-schedule/config/config.default.js",
    "start": 1597908101622,
    "end": 1597908101622,
    "duration": 0,
    "pid": 39792,
    "index": 10
  },
  {
    "name": "Require(8) E:/1牟江湖test项目/midway/serve/node_modules/egg-multipart/config/config.default.js",
    "start": 1597908101622,
    "end": 1597908101622,
    "duration": 0,
    "pid": 39792,
    "index": 11
  },
  {
    "name": "Require(9) E:/1牟江湖test项目/midway/serve/node_modules/egg-logrotator/config/config.default.js",
    "start": 1597908101622,
    "end": 1597908101622,
    "duration": 0,
    "pid": 39792,
    "index": 12
  },
  {
    "name": "Require(10) E:/1牟江湖test项目/midway/serve/node_modules/egg-static/config/config.default.js",
    "start": 1597908101622,
    "end": 1597908101622,
    "duration": 0,
    "pid": 39792,
    "index": 13
  },
  {
    "name": "Require(11) E:/1牟江湖test项目/midway/serve/node_modules/egg-view/config/config.default.js",
    "start": 1597908101622,
    "end": 1597908101622,
    "duration": 0,
    "pid": 39792,
    "index": 14
  },
  {
    "name": "Require(12) E:/1牟江湖test项目/midway/serve/node_modules/_egg-sequelize@5.2.2@egg-sequelize/config/config.default.js",
    "start": 1597908101622,
    "end": 1597908101622,
    "duration": 0,
    "pid": 39792,
    "index": 15
  },
  {
    "name": "Require(13) E:/1牟江湖test项目/midway/serve/node_modules/_egg-view-nunjucks@2.2.0@egg-view-nunjucks/config/config.default.js",
    "start": 1597908101622,
    "end": 1597908101622,
    "duration": 0,
    "pid": 39792,
    "index": 16
  },
  {
    "name": "Require(14) E:/1牟江湖test项目/midway/serve/node_modules/_egg-cors@2.2.3@egg-cors/config/config.default.js",
    "start": 1597908101622,
    "end": 1597908101623,
    "duration": 1,
    "pid": 39792,
    "index": 17
  },
  {
    "name": "Require(15) E:/1牟江湖test项目/midway/serve/node_modules/egg/config/config.default.js",
    "start": 1597908101623,
    "end": 1597908101623,
    "duration": 0,
    "pid": 39792,
    "index": 18
  },
  {
    "name": "Require(16) E:/1牟江湖test项目/midway/serve/node_modules/midway-web/config/config.default.js",
    "start": 1597908101624,
    "end": 1597908101624,
    "duration": 0,
    "pid": 39792,
    "index": 19
  },
  {
    "name": "Require(17) config/config.default.ts",
    "start": 1597908101625,
    "end": 1597908101625,
    "duration": 0,
    "pid": 39792,
    "index": 20
  },
  {
    "name": "Require(18) E:/1牟江湖test项目/midway/serve/node_modules/egg-watcher/config/config.unittest.js",
    "start": 1597908101626,
    "end": 1597908101626,
    "duration": 0,
    "pid": 39792,
    "index": 21
  },
  {
    "name": "Require(19) E:/1牟江湖test项目/midway/serve/node_modules/egg/config/config.unittest.js",
    "start": 1597908101627,
    "end": 1597908101627,
    "duration": 0,
    "pid": 39792,
    "index": 22
  },
  {
    "name": "Load extend/application.js",
    "start": 1597908101628,
    "end": 1597908101794,
    "duration": 166,
    "pid": 39792,
    "index": 23
  },
  {
    "name": "Require(20) E:/1牟江湖test项目/midway/serve/node_modules/egg-session/app/extend/application.js",
    "start": 1597908101628,
    "end": 1597908101645,
    "duration": 17,
    "pid": 39792,
    "index": 24
  },
  {
    "name": "Require(21) E:/1牟江湖test项目/midway/serve/node_modules/egg-security/app/extend/application.js",
    "start": 1597908101645,
    "end": 1597908101646,
    "duration": 1,
    "pid": 39792,
    "index": 25
  },
  {
    "name": "Require(22) E:/1牟江湖test项目/midway/serve/node_modules/egg-jsonp/app/extend/application.js",
    "start": 1597908101658,
    "end": 1597908101665,
    "duration": 7,
    "pid": 39792,
    "index": 26
  },
  {
    "name": "Require(23) E:/1牟江湖test项目/midway/serve/node_modules/egg-logrotator/app/extend/application.js",
    "start": 1597908101665,
    "end": 1597908101666,
    "duration": 1,
    "pid": 39792,
    "index": 27
  },
  {
    "name": "Require(24) E:/1牟江湖test项目/midway/serve/node_modules/egg-view/app/extend/application.js",
    "start": 1597908101667,
    "end": 1597908101671,
    "duration": 4,
    "pid": 39792,
    "index": 28
  },
  {
    "name": "Require(25) E:/1牟江湖test项目/midway/serve/node_modules/_egg-view-nunjucks@2.2.0@egg-view-nunjucks/app/extend/application.js",
    "start": 1597908101672,
    "end": 1597908101763,
    "duration": 91,
    "pid": 39792,
    "index": 29
  },
  {
    "name": "Require(26) E:/1牟江湖test项目/midway/serve/node_modules/midway-mock/app/extend/application.js",
    "start": 1597908101764,
    "end": 1597908101765,
    "duration": 1,
    "pid": 39792,
    "index": 30
  },
  {
    "name": "Require(27) E:/1牟江湖test项目/midway/serve/node_modules/egg-mock/app/extend/application.js",
    "start": 1597908101765,
    "end": 1597908101792,
    "duration": 27,
    "pid": 39792,
    "index": 31
  },
  {
    "name": "Load extend/request.js",
    "start": 1597908101794,
    "end": 1597908101804,
    "duration": 10,
    "pid": 39792,
    "index": 32
  },
  {
    "name": "Require(28) E:/1牟江湖test项目/midway/serve/node_modules/egg/app/extend/request.js",
    "start": 1597908101796,
    "end": 1597908101801,
    "duration": 5,
    "pid": 39792,
    "index": 33
  },
  {
    "name": "Load extend/response.js",
    "start": 1597908101804,
    "end": 1597908101810,
    "duration": 6,
    "pid": 39792,
    "index": 34
  },
  {
    "name": "Require(29) E:/1牟江湖test项目/midway/serve/node_modules/egg/app/extend/response.js",
    "start": 1597908101805,
    "end": 1597908101808,
    "duration": 3,
    "pid": 39792,
    "index": 35
  },
  {
    "name": "Load extend/context.js",
    "start": 1597908101810,
    "end": 1597908101813,
    "duration": 3,
    "pid": 39792,
    "index": 36
  },
  {
    "name": "Require(30) E:/1牟江湖test项目/midway/serve/node_modules/egg-security/app/extend/context.js",
    "start": 1597908101810,
    "end": 1597908101810,
    "duration": 0,
    "pid": 39792,
    "index": 37
  },
  {
    "name": "Require(31) E:/1牟江湖test项目/midway/serve/node_modules/egg-jsonp/app/extend/context.js",
    "start": 1597908101810,
    "end": 1597908101810,
    "duration": 0,
    "pid": 39792,
    "index": 38
  },
  {
    "name": "Require(32) E:/1牟江湖test项目/midway/serve/node_modules/egg-i18n/app/extend/context.js",
    "start": 1597908101810,
    "end": 1597908101810,
    "duration": 0,
    "pid": 39792,
    "index": 39
  },
  {
    "name": "Require(33) E:/1牟江湖test项目/midway/serve/node_modules/egg-multipart/app/extend/context.js",
    "start": 1597908101810,
    "end": 1597908101810,
    "duration": 0,
    "pid": 39792,
    "index": 40
  },
  {
    "name": "Require(34) E:/1牟江湖test项目/midway/serve/node_modules/egg-view/app/extend/context.js",
    "start": 1597908101811,
    "end": 1597908101811,
    "duration": 0,
    "pid": 39792,
    "index": 41
  },
  {
    "name": "Require(35) E:/1牟江湖test项目/midway/serve/node_modules/egg/app/extend/context.js",
    "start": 1597908101811,
    "end": 1597908101811,
    "duration": 0,
    "pid": 39792,
    "index": 42
  },
  {
    "name": "Require(36) E:/1牟江湖test项目/midway/serve/node_modules/midway-web/app/extend/context.js",
    "start": 1597908101811,
    "end": 1597908101811,
    "duration": 0,
    "pid": 39792,
    "index": 43
  },
  {
    "name": "Load extend/helper.js",
    "start": 1597908101813,
    "end": 1597908101903,
    "duration": 90,
    "pid": 39792,
    "index": 44
  },
  {
    "name": "Require(37) E:/1牟江湖test项目/midway/serve/node_modules/egg-security/app/extend/helper.js",
    "start": 1597908101814,
    "end": 1597908101898,
    "duration": 84,
    "pid": 39792,
    "index": 45
  },
  {
    "name": "Require(38) E:/1牟江湖test项目/midway/serve/node_modules/egg/app/extend/helper.js",
    "start": 1597908101900,
    "end": 1597908101901,
    "duration": 1,
    "pid": 39792,
    "index": 46
  },
  {
    "name": "Load app.js",
    "start": 1597908101909,
    "end": 1597908102227,
    "duration": 318,
    "pid": 39792,
    "index": 47
  },
  {
    "name": "Require(39) E:/1牟江湖test项目/midway/serve/node_modules/egg-session/app.js",
    "start": 1597908101910,
    "end": 1597908101911,
    "duration": 1,
    "pid": 39792,
    "index": 48
  },
  {
    "name": "Require(40) E:/1牟江湖test项目/midway/serve/node_modules/egg-security/app.js",
    "start": 1597908101912,
    "end": 1597908101916,
    "duration": 4,
    "pid": 39792,
    "index": 49
  },
  {
    "name": "Require(41) E:/1牟江湖test项目/midway/serve/node_modules/egg-onerror/app.js",
    "start": 1597908101916,
    "end": 1597908101975,
    "duration": 59,
    "pid": 39792,
    "index": 50
  },
  {
    "name": "Require(42) E:/1牟江湖test项目/midway/serve/node_modules/egg-i18n/app.js",
    "start": 1597908101975,
    "end": 1597908102184,
    "duration": 209,
    "pid": 39792,
    "index": 51
  },
  {
    "name": "Require(43) E:/1牟江湖test项目/midway/serve/node_modules/egg-watcher/app.js",
    "start": 1597908102185,
    "end": 1597908102185,
    "duration": 0,
    "pid": 39792,
    "index": 52
  },
  {
    "name": "Require(44) E:/1牟江湖test项目/midway/serve/node_modules/egg-schedule/app.js",
    "start": 1597908102185,
    "end": 1597908102186,
    "duration": 1,
    "pid": 39792,
    "index": 53
  },
  {
    "name": "Require(45) E:/1牟江湖test项目/midway/serve/node_modules/egg-multipart/app.js",
    "start": 1597908102187,
    "end": 1597908102188,
    "duration": 1,
    "pid": 39792,
    "index": 54
  },
  {
    "name": "Require(46) E:/1牟江湖test项目/midway/serve/node_modules/egg-logrotator/app.js",
    "start": 1597908102188,
    "end": 1597908102188,
    "duration": 0,
    "pid": 39792,
    "index": 55
  },
  {
    "name": "Require(47) E:/1牟江湖test项目/midway/serve/node_modules/egg-static/app.js",
    "start": 1597908102189,
    "end": 1597908102189,
    "duration": 0,
    "pid": 39792,
    "index": 56
  },
  {
    "name": "Require(48) E:/1牟江湖test项目/midway/serve/node_modules/midway-schedule/app.js",
    "start": 1597908102190,
    "end": 1597908102198,
    "duration": 8,
    "pid": 39792,
    "index": 57
  },
  {
    "name": "Require(49) E:/1牟江湖test项目/midway/serve/node_modules/_egg-sequelize@5.2.2@egg-sequelize/app.js",
    "start": 1597908102198,
    "end": 1597908102199,
    "duration": 1,
    "pid": 39792,
    "index": 58
  },
  {
    "name": "Require(50) E:/1牟江湖test项目/midway/serve/node_modules/_egg-view-nunjucks@2.2.0@egg-view-nunjucks/app.js",
    "start": 1597908102199,
    "end": 1597908102199,
    "duration": 0,
    "pid": 39792,
    "index": 59
  },
  {
    "name": "Require(51) E:/1牟江湖test项目/midway/serve/node_modules/_egg-cors@2.2.3@egg-cors/app.js",
    "start": 1597908102200,
    "end": 1597908102225,
    "duration": 25,
    "pid": 39792,
    "index": 60
  },
  {
    "name": "Require(52) E:/1牟江湖test项目/midway/serve/node_modules/egg-mock/app.js",
    "start": 1597908102225,
    "end": 1597908102226,
    "duration": 1,
    "pid": 39792,
    "index": 61
  },
  {
    "name": "Before Start in E:/1牟江湖test项目/midway/serve/node_modules/egg-watcher/lib/init.js:15:14",
    "start": 1597908102237,
    "end": 1597908102637,
    "duration": 400,
    "pid": 39792,
    "index": 62
  },
  {
    "name": "Load \"Symbol(model)\" to Application",
    "start": 1597908102245,
    "end": 1597908102253,
    "duration": 8,
    "pid": 39792,
    "index": 63
  },
  {
    "name": "Before Start in E:/1牟江湖test项目/midway/serve/node_modules/_egg-sequelize@5.2.2@egg-sequelize/lib/loader.js:39:7",
    "start": 1597908102253,
    "end": 1597908102950,
    "duration": 697,
    "pid": 39792,
    "index": 64
  },
  {
    "name": "Load Service",
    "start": 1597908102255,
    "end": 1597908102260,
    "duration": 5,
    "pid": 39792,
    "index": 65
  },
  {
    "name": "Load \"service\" to Context",
    "start": 1597908102255,
    "end": 1597908102260,
    "duration": 5,
    "pid": 39792,
    "index": 66
  },
  {
    "name": "Load Middleware",
    "start": 1597908102260,
    "end": 1597908102597,
    "duration": 337,
    "pid": 39792,
    "index": 67
  },
  {
    "name": "Load \"middlewares\" to Application",
    "start": 1597908102261,
    "end": 1597908102586,
    "duration": 325,
    "pid": 39792,
    "index": 68
  },
  {
    "name": "Load Controller",
    "start": 1597908102597,
    "end": 1597908102599,
    "duration": 2,
    "pid": 39792,
    "index": 69
  },
  {
    "name": "Load \"controller\" to Application",
    "start": 1597908102597,
    "end": 1597908102599,
    "duration": 2,
    "pid": 39792,
    "index": 70
  },
  {
    "name": "Load Router",
    "start": 1597908102599,
    "end": 1597908102599,
    "duration": 0,
    "pid": 39792,
    "index": 71
  },
  {
    "name": "Before Start in E:/1牟江湖test项目/midway/serve/node_modules/midway-web/dist/loader/loader.js:29:18",
    "start": 1597908102599,
    "end": 1597908102622,
    "duration": 23,
    "pid": 39792,
    "index": 72
  },
  {
    "name": "Before Start in E:/1牟江湖test项目/midway/serve/node_modules/egg-core/lib/egg.js:303:10",
    "start": 1597908102612,
    "end": 1597908102618,
    "duration": 6,
    "pid": 39792,
    "index": 73
  }
]